date,orders_shipped,replacements_reported,cumulative_rate,alert_fired
2025-10-23,1,0,0.0,False
2025-10-24,1,0,0.0,False
2025-10-25,1,0,0.0,False
2025-10-26,2,0,0.0,False
2025-10-27,4,0,0.0,False
2025-10-28,4,0,0.0,False
2025-10-29,4,0,0.0,False
2025-10-30,5,0,0.0,False
2025-10-31,7,0,0.0,False
2025-11-01,13,0,0.0,False
2025-11-02,17,0,0.0,False
2025-11-03,26,0,0.0,False
2025-11-04,29,0,0.0,False
2025-11-05,34,1,0.029411764705882353,False
2025-11-06,40,1,0.025,False
2025-11-07,46,1,0.021739130434782608,False
2025-11-08,51,1,0.0196078431372549,False
2025-11-09,59,1,0.01694915254237288,False
2025-11-10,61,1,0.01639344262295082,False
2025-11-11,68,1,0.014705882352941176,False
2025-11-12,74,1,0.013513513513513514,False
2025-11-13,84,3,0.03571428571428571,False
2025-11-14,87,4,0.04597701149425287,False
2025-11-15,96,6,0.0625,False
2025-11-16,102,6,0.058823529411764705,False
2025-11-17,117,6,0.05128205128205128,False
2025-11-18,122,6,0.04918032786885246,False
2025-11-19,129,8,0.06201550387596899,False
2025-11-20,139,9,0.06474820143884892,False
2025-11-21,148,11,0.07432432432432433,False
2025-11-22,153,11,0.0718954248366013,False
2025-11-23,167,13,0.07784431137724551,False
2025-11-24,175,15,0.08571428571428572,False
2025-11-25,187,15,0.08021390374331551,False
2025-11-26,189,17,0.08994708994708994,False
2025-11-27,197,18,0.09137055837563451,False
2025-11-28,208,18,0.08653846153846154,False
2025-11-29,213,20,0.09389671361502347,False
2025-11-30,218,21,0.0963302752293578,False
2025-12-01,223,25,0.11210762331838565,False
2025-12-02,231,28,0.12121212121212122,False
2025-12-03,237,28,0.11814345991561181,False
2025-12-04,248,30,0.12096774193548387,False
2025-12-05,259,33,0.1274131274131274,False
2025-12-06,271,34,0.12546125461254612,False
2025-12-07,274,36,0.13138686131386862,False
2025-12-08,277,37,0.13357400722021662,False
2025-12-09,284,40,0.14084507042253522,False
2025-12-10,294,42,0.14285714285714285,False
2025-12-11,306,42,0.13725490196078433,False
2025-12-12,315,42,0.13333333333333333,False
2025-12-13,324,47,0.14506172839506173,False
2025-12-14,338,49,0.14497041420118342,False
2025-12-15,347,50,0.1440922190201729,False
2025-12-16,355,52,0.14647887323943662,False
2025-12-17,367,55,0.14986376021798364,False
2025-12-18,373,58,0.1554959785522788,False
2025-12-19,381,58,0.15223097112860892,False
2025-12-20,387,62,0.16020671834625322,False
2025-12-21,397,65,0.163727959697733,False
2025-12-22,406,66,0.1625615763546798,False
2025-12-23,418,68,0.16267942583732056,False
2025-12-24,424,68,0.16037735849056603,False
2025-12-25,431,72,0.16705336426914152,False
2025-12-26,441,72,0.16326530612244897,False
2025-12-27,451,73,0.16186252771618626,False
2025-12-28,461,76,0.1648590021691974,False
2025-12-29,469,76,0.16204690831556504,False
2025-12-30,474,79,0.16666666666666666,False
2025-12-31,483,81,0.16770186335403728,False
2026-01-01,493,85,0.1724137931034483,False
2026-01-02,505,88,0.17425742574257425,False
2026-01-03,509,91,0.1787819253438114,False
2026-01-04,518,91,0.17567567567567569,False
2026-01-05,525,96,0.18285714285714286,False
2026-01-06,533,103,0.19324577861163228,False
2026-01-07,537,105,0.19553072625698323,False
2026-01-08,543,109,0.2007366482504604,False
2026-01-09,553,110,0.19891500904159132,False
2026-01-10,563,112,0.1989342806394316,False
2026-01-11,567,114,0.20105820105820105,False
2026-01-12,581,117,0.20137693631669534,False
2026-01-13,594,120,0.20202020202020202,False
2026-01-14,601,123,0.20465890183028287,False
2026-01-15,607,126,0.20757825370675453,False
2026-01-16,613,126,0.20554649265905384,False
2026-01-17,618,130,0.21035598705501618,True
2026-01-18,623,132,0.21187800963081863,True
2026-01-19,632,133,0.21044303797468356,True
2026-01-20,643,135,0.2099533437013997,False
2026-01-21,652,136,0.2085889570552147,False
2026-01-22,658,139,0.21124620060790272,True
2026-01-23,670,145,0.21641791044776118,True
2026-01-24,681,149,0.21879588839941264,True
2026-01-25,686,152,0.22157434402332363,True
2026-01-26,694,155,0.22334293948126802,True
2026-01-27,702,157,0.22364672364672364,True
2026-01-28,706,161,0.22804532577903683,True
2026-01-29,711,173,0.24331926863572434,True
2026-01-30,720,175,0.24305555555555555,True
2026-01-31,728,180,0.24725274725274726,True
2026-02-01,736,181,0.24592391304347827,True
2026-02-02,742,187,0.25202156334231807,True
2026-02-03,748,192,0.25668449197860965,True
2026-02-04,751,198,0.2636484687083888,True
2026-02-05,754,203,0.2692307692307692,True
2026-02-06,756,206,0.2724867724867725,True
2026-02-07,763,209,0.27391874180865006,True
2026-02-08,767,214,0.2790091264667536,True
2026-02-09,767,220,0.28683181225554105,True
2026-02-10,770,222,0.2883116883116883,True
2026-02-11,772,226,0.2927461139896373,True
2026-02-12,774,230,0.2971576227390181,True
2026-02-13,777,232,0.2985842985842986,True
2026-02-14,778,236,0.3033419023136247,True
2026-02-15,778,237,0.3046272493573265,True
2026-02-16,779,240,0.3080872913992298,True
2026-02-17,781,243,0.3111395646606914,True
2026-02-18,781,249,0.31882202304737517,True
2026-02-19,781,253,0.323943661971831,True
2026-02-20,781,255,0.3265044814340589,True
2026-02-21,781,261,0.33418693982074266,True
2026-02-22,781,265,0.3393085787451985,True
2026-02-23,781,268,0.34314980793854033,True
2026-02-24,781,273,0.3495518565941101,True
2026-02-25,781,275,0.352112676056338,True
2026-02-26,781,279,0.35723431498079383,True
2026-02-27,781,281,0.35979513444302175,True
2026-02-28,781,286,0.36619718309859156,True
