sku,lot_month,orders_count,tickets_count,replacements_count,orders_with_replacement,first_order_date,last_order_date,replacement_rate_pct,ticket_rate_pct
VA-AC-CASE,CASE-2504,3,1,0,0,2025-08-01,2025-08-11,0.0,33.33333333333333
VA-AC-CASE,CASE-2505,14,6,1,1,2025-08-05,2025-09-17,7.142857142857142,42.857142857142854
VA-AC-CASE,CASE-2506,17,15,0,0,2025-08-07,2025-10-06,0.0,88.23529411764706
VA-AC-CASE,CASE-2507,24,16,0,0,2025-08-06,2025-11-12,0.0,66.66666666666666
VA-AC-CASE,CASE-2508,32,22,1,1,2025-08-28,2025-12-01,3.125,68.75
VA-AC-CASE,CASE-2509,27,24,0,0,2025-10-03,2026-01-08,0.0,88.88888888888889
VA-AC-CASE,CASE-2510,29,22,2,2,2025-11-05,2026-01-24,6.896551724137931,75.86206896551724
VA-AC-CASE,CASE-2511,21,16,2,2,2025-11-26,2026-03-08,9.523809523809524,76.19047619047619
VA-AC-CASE,CASE-2512,36,24,1,1,2025-12-30,2026-04-16,2.7777777777777777,66.66666666666666
VA-AC-CASE,CASE-2601,33,31,4,4,2026-01-29,2026-05-18,12.121212121212121,93.93939393939394
VA-AC-CASE,CASE-2602,21,20,1,1,2026-03-10,2026-06-09,4.761904761904762,95.23809523809523
VA-AC-CASE,CASE-2603,27,21,2,2,2026-04-06,2026-06-24,7.4074074074074066,77.77777777777779
VA-AC-CASE,CASE-2604,9,6,0,0,2026-05-11,2026-06-17,0.0,66.66666666666666
VA-AC-CASE,CASE-2605,8,1,0,0,2026-05-27,2026-06-29,0.0,12.5
VA-AC-CBL,CBL-2404,4,0,0,0,2024-06-21,2024-08-02,0.0,0.0
VA-AC-CBL,CBL-2405,6,0,0,0,2024-06-15,2024-09-05,0.0,0.0
VA-AC-CBL,CBL-2406,6,0,0,0,2024-07-15,2024-08-20,0.0,0.0
VA-AC-CBL,CBL-2407,5,0,0,0,2024-09-03,2024-10-27,0.0,0.0
VA-AC-CBL,CBL-2408,3,0,0,0,2024-09-10,2024-11-12,0.0,0.0
VA-AC-CBL,CBL-2409,4,3,0,0,2024-11-13,2025-01-06,0.0,75.0
VA-AC-CBL,CBL-2410,11,6,0,0,2024-11-01,2025-02-01,0.0,54.54545454545454
VA-AC-CBL,CBL-2411,6,4,0,0,2024-12-20,2025-02-28,0.0,66.66666666666666
VA-AC-CBL,CBL-2412,2,2,0,0,2024-12-25,2025-02-05,0.0,100.0
VA-AC-CBL,CBL-2501,5,5,0,0,2025-01-29,2025-04-08,0.0,100.0
VA-AC-CBL,CBL-2502,5,3,0,0,2025-03-25,2025-05-29,0.0,60.0
VA-AC-CBL,CBL-2503,11,7,1,1,2025-04-24,2025-07-02,9.090909090909092,63.63636363636363
VA-AC-CBL,CBL-2504,9,12,1,1,2025-05-07,2025-08-04,11.11111111111111,133.33333333333331
VA-AC-CBL,CBL-2505,7,8,0,0,2025-06-04,2025-09-14,0.0,114.28571428571428
VA-AC-CBL,CBL-2506,4,3,0,0,2025-07-15,2025-10-10,0.0,75.0
VA-AC-CBL,CBL-2507,5,3,0,0,2025-08-27,2025-10-30,0.0,60.0
VA-AC-CBL,CBL-2508,9,10,2,2,2025-09-20,2025-12-04,22.22222222222222,111.11111111111111
VA-AC-CBL,CBL-2509,5,0,0,0,2025-11-03,2025-12-29,0.0,0.0
VA-AC-CBL,CBL-2510,7,2,1,1,2025-11-15,2026-01-25,14.285714285714285,28.57142857142857
VA-AC-CBL,CBL-2511,8,7,2,2,2025-12-04,2026-03-05,25.0,87.5
VA-AC-CBL,CBL-2512,6,7,0,0,2026-01-02,2026-04-08,0.0,116.66666666666667
VA-AC-CBL,CBL-2601,8,3,0,0,2026-02-01,2026-04-24,0.0,37.5
VA-AC-CBL,CBL-2602,5,3,0,0,2026-03-16,2026-05-19,0.0,60.0
VA-AC-CBL,CBL-2603,4,1,0,0,2026-05-15,2026-06-23,0.0,25.0
VA-AC-CBL,CBL-2604,4,4,0,0,2026-05-25,2026-06-30,0.0,100.0
VA-AC-CBL,CBL-2605,1,0,0,False,2026-06-02,2026-06-02,0.0,0.0
VA-AC-CH65,CH65-2403,4,0,0,0,2024-06-20,2024-06-27,0.0,0.0
VA-AC-CH65,CH65-2404,9,0,0,0,2024-06-15,2024-07-24,0.0,0.0
VA-AC-CH65,CH65-2405,10,0,0,0,2024-06-24,2024-08-16,0.0,0.0
VA-AC-CH65,CH65-2406,8,1,0,0,2024-07-30,2024-10-07,0.0,12.5
VA-AC-CH65,CH65-2407,12,1,0,0,2024-08-18,2024-10-29,0.0,8.333333333333332
VA-AC-CH65,CH65-2408,15,1,0,0,2024-09-04,2024-12-06,0.0,6.666666666666667
VA-AC-CH65,CH65-2409,13,0,0,0,2024-10-09,2025-01-09,0.0,0.0
VA-AC-CH65,CH65-2410,16,6,1,1,2024-11-08,2025-01-27,6.25,37.5
VA-AC-CH65,CH65-2411,5,2,0,0,2024-12-07,2025-01-25,0.0,40.0
VA-AC-CH65,CH65-2412,12,7,0,0,2025-01-07,2025-03-28,0.0,58.333333333333336
VA-AC-CH65,CH65-2501,13,10,1,1,2025-03-08,2025-05-01,7.6923076923076925,76.92307692307693
VA-AC-CH65,CH65-2502,9,7,1,1,2025-03-06,2025-06-04,11.11111111111111,77.77777777777779
VA-AC-CH65,CH65-2503,11,9,1,1,2025-04-07,2025-07-05,9.090909090909092,81.81818181818183
VA-AC-CH65,CH65-2504,11,8,0,0,2025-05-08,2025-07-26,0.0,72.72727272727273
VA-AC-CH65,CH65-2505,10,8,3,3,2025-06-18,2025-09-01,30.0,80.0
VA-AC-CH65,CH65-2506,13,12,1,1,2025-06-28,2025-10-03,7.6923076923076925,92.3076923076923
VA-AC-CH65,CH65-2507,10,11,2,2,2025-08-01,2025-10-19,20.0,110.00000000000001
VA-AC-CH65,CH65-2508,8,4,0,0,2025-08-31,2025-12-03,0.0,50.0
VA-AC-CH65,CH65-2509,17,13,1,1,2025-09-26,2026-01-14,5.88235294117647,76.47058823529412
VA-AC-CH65,CH65-2510,7,5,1,1,2025-11-09,2026-01-24,14.285714285714285,71.42857142857143
VA-AC-CH65,CH65-2511,12,10,0,0,2025-12-10,2026-02-25,0.0,83.33333333333334
VA-AC-CH65,CH65-2512,15,14,2,2,2026-01-16,2026-04-09,13.333333333333334,93.33333333333333
VA-AC-CH65,CH65-2601,9,7,0,0,2026-01-27,2026-05-07,0.0,77.77777777777779
VA-AC-CH65,CH65-2602,4,3,1,1,2026-04-06,2026-05-19,25.0,75.0
VA-AC-CH65,CH65-2603,15,13,0,0,2026-04-15,2026-06-22,0.0,86.66666666666667
VA-AC-CH65,CH65-2604,7,3,0,0,2026-05-02,2026-06-19,0.0,42.857142857142854
VA-AC-CH65,CH65-2605,3,1,0,0,2026-06-05,2026-06-23,0.0,33.33333333333333
VA-EB-AIR,AIR-2405,3,0,0,0,2024-09-10,2024-09-17,0.0,0.0
VA-EB-AIR,AIR-2406,18,2,0,0,2024-09-11,2024-10-11,0.0,11.11111111111111
VA-EB-AIR,AIR-2407,54,10,2,2,2024-09-11,2024-11-10,3.7037037037037033,18.51851851851852
VA-EB-AIR,AIR-2408,85,22,3,3,2024-09-13,2024-12-07,3.5294117647058822,25.882352941176475
VA-EB-AIR,AIR-2409,74,31,3,3,2024-09-25,2025-01-08,4.054054054054054,41.891891891891895
VA-EB-AIR,AIR-2410,90,52,7,7,2024-10-23,2025-02-05,7.777777777777778,57.77777777777777
VA-EB-AIR,AIR-2411,75,42,3,3,2024-11-28,2025-03-18,4.0,56.00000000000001
VA-EB-AIR,AIR-2412,71,62,4,4,2024-12-28,2025-04-13,5.633802816901409,87.32394366197182
VA-EB-AIR,AIR-2501,63,46,6,6,2025-01-28,2025-05-06,9.523809523809524,73.01587301587301
VA-EB-AIR,AIR-2502,56,52,5,5,2025-02-24,2025-06-16,8.928571428571429,92.85714285714286
VA-EB-AIR,AIR-2503,71,46,6,4,2025-04-01,2025-07-10,5.633802816901409,64.7887323943662
VA-EB-AIR,AIR-2504,45,32,2,2,2025-04-22,2025-08-15,4.444444444444445,71.11111111111111
VA-EB-AIR,AIR-2505,75,64,9,8,2025-05-25,2025-09-16,10.666666666666668,85.33333333333334
VA-EB-AIR,AIR-2506,70,62,8,8,2025-07-04,2025-10-14,11.428571428571429,88.57142857142857
VA-EB-AIR,AIR-2507,84,72,8,8,2025-07-30,2025-11-09,9.523809523809524,85.71428571428571
VA-EB-AIR,AIR-2508,85,52,5,5,2025-09-01,2025-12-16,5.88235294117647,61.1764705882353
VA-EB-AIR,AIR-2509,67,50,7,7,2025-09-28,2026-01-06,10.44776119402985,74.6268656716418
VA-EB-AIR,AIR-2510,69,45,2,2,2025-10-29,2026-02-13,2.898550724637681,65.21739130434783
VA-EB-AIR,AIR-2511,62,46,5,5,2025-11-28,2026-03-06,8.064516129032258,74.19354838709677
VA-EB-AIR,AIR-2512,51,41,4,4,2026-01-12,2026-04-13,7.8431372549019605,80.3921568627451
VA-EB-AIR,AIR-2601,68,45,8,8,2026-02-01,2026-05-15,11.76470588235294,66.17647058823529
VA-EB-AIR,AIR-2602,60,36,7,6,2026-03-05,2026-06-16,10.0,60.0
VA-EB-AIR,AIR-2603,49,26,1,1,2026-03-31,2026-06-30,2.0408163265306123,53.06122448979592
VA-EB-AIR,AIR-2604,36,18,1,1,2026-04-25,2026-06-30,2.7777777777777777,50.0
VA-EB-AIR,AIR-2605,16,4,0,0,2026-06-14,2026-06-30,0.0,25.0
VA-EB-AIR,AIR-2606,3,0,0,0,2026-06-22,2026-06-30,0.0,0.0
VA-EB-PL1,PL1-2403,23,2,0,0,2024-06-18,2024-07-19,0.0,8.695652173913043
VA-EB-PL1,PL1-2404,48,4,0,0,2024-06-15,2024-08-11,0.0,8.333333333333332
VA-EB-PL1,PL1-2405,76,4,0,0,2024-06-17,2024-09-14,0.0,5.263157894736842
VA-EB-PL1,PL1-2406,87,5,0,0,2024-07-03,2024-10-16,0.0,5.747126436781609
VA-EB-PL1,PL1-2407,91,16,1,1,2024-07-28,2024-11-17,1.098901098901099,17.582417582417584
VA-EB-PL1,PL1-2408,82,15,2,2,2024-09-03,2024-12-10,2.4390243902439024,18.29268292682927
VA-EB-PL1,PL1-2409,100,25,6,6,2024-09-28,2025-01-15,6.0,25.0
VA-EB-PL1,PL1-2410,92,57,10,10,2024-10-23,2025-02-02,10.869565217391305,61.95652173913043
VA-EB-PL1,PL1-2411,74,57,10,9,2024-11-25,2025-03-18,12.162162162162163,77.02702702702703
VA-EB-PL1,PL1-2412,83,64,3,3,2025-01-03,2025-04-18,3.614457831325301,77.10843373493977
VA-EB-PL1,PL1-2501,86,73,12,11,2025-01-29,2025-05-20,12.790697674418606,84.88372093023256
VA-EB-PL1,PL1-2502,86,63,5,5,2025-02-22,2025-06-16,5.813953488372093,73.25581395348837
VA-EB-PL1,PL1-2503,73,60,11,11,2025-04-02,2025-07-09,15.068493150684931,82.1917808219178
VA-EB-PL1,PL1-2504,78,63,5,5,2025-04-22,2025-08-07,6.41025641025641,80.76923076923077
VA-EB-PL1,PL1-2505,75,62,6,6,2025-05-30,2025-09-06,8.0,82.66666666666667
VA-EB-PL1,PL1-2506,70,62,7,7,2025-07-06,2025-10-13,10.0,88.57142857142857
VA-EB-PL1,PL1-2507,82,72,7,7,2025-07-23,2025-11-13,8.536585365853659,87.8048780487805
VA-EB-PL1,PL1-2508,123,72,10,10,2025-08-27,2025-12-11,8.130081300813007,58.536585365853654
VA-EB-PL1,PL1-2509,98,78,9,9,2025-09-22,2026-01-10,9.183673469387756,79.59183673469387
VA-EB-PL1,PL1-2510,85,59,6,6,2025-10-25,2026-02-12,7.0588235294117645,69.41176470588235
VA-EB-PL1,PL1-2511,86,53,6,5,2025-11-24,2026-03-17,5.813953488372093,61.627906976744185
VA-EB-PL1,PL1-2512,82,51,9,9,2025-12-28,2026-04-13,10.975609756097562,62.19512195121951
VA-EB-PL1,PL1-2601,89,61,6,6,2026-01-31,2026-05-16,6.741573033707865,68.53932584269663
VA-EB-PL1,PL1-2602,88,47,5,5,2026-02-26,2026-06-11,5.681818181818182,53.40909090909091
VA-EB-PL1,PL1-2603,57,34,2,2,2026-03-29,2026-06-23,3.508771929824561,59.64912280701754
VA-EB-PL1,PL1-2604,50,12,0,0,2026-04-22,2026-06-28,0.0,24.0
VA-EB-PL1,PL1-2605,29,9,1,1,2026-05-23,2026-06-30,3.4482758620689653,31.03448275862069
VA-EB-PL2,PL2-2504,36,38,4,4,2025-07-15,2025-08-17,11.11111111111111,105.55555555555556
VA-EB-PL2,PL2-2505,135,113,11,11,2025-07-15,2025-09-15,8.148148148148149,83.7037037037037
VA-EB-PL2,PL2-2506,184,137,16,15,2025-07-15,2025-10-13,8.152173913043478,74.45652173913044
VA-EB-PL2,PL2-2507,276,200,22,20,2025-07-26,2025-11-18,7.246376811594203,72.46376811594203
VA-EB-PL2,PL2-2508,438,313,31,31,2025-08-22,2025-12-18,7.077625570776255,71.46118721461188
VA-EB-PL2,PL2-2509,573,395,43,42,2025-09-26,2026-01-16,7.329842931937172,68.93542757417103
VA-EB-PL2,PL2-2510,781,913,352,327,2025-10-23,2026-02-17,41.86939820742638,116.90140845070422
VA-EB-PL2,PL2-2511,679,809,310,291,2025-11-25,2026-03-18,42.857142857142854,119.1458026509573
VA-EB-PL2,PL2-2512,519,582,203,194,2025-12-24,2026-04-17,37.37957610789981,112.13872832369943
VA-EB-PL2,PL2-2601,340,210,27,27,2026-01-24,2026-05-17,7.941176470588235,61.76470588235294
VA-EB-PL2,PL2-2602,171,109,11,11,2026-02-22,2026-06-15,6.432748538011696,63.74269005847953
VA-EB-PL2,PL2-2603,184,89,12,12,2026-03-27,2026-06-30,6.521739130434782,48.369565217391305
VA-EB-PL2,PL2-2604,128,42,1,1,2026-04-25,2026-06-30,0.78125,32.8125
VA-EB-PL2,PL2-2605,70,15,4,4,2026-05-26,2026-06-30,5.714285714285714,21.428571428571427
VA-EB-PL2,PL2-2606,7,1,0,0,2026-06-24,2026-06-30,0.0,14.285714285714285
VA-HP-ST2,ST2-2403,4,0,0,0,2024-06-17,2024-07-07,0.0,0.0
VA-HP-ST2,ST2-2404,5,0,0,0,2024-06-30,2024-08-13,0.0,0.0
VA-HP-ST2,ST2-2405,19,1,0,0,2024-06-17,2024-09-10,0.0,5.263157894736842
VA-HP-ST2,ST2-2406,21,4,0,0,2024-07-02,2024-10-08,0.0,19.047619047619047
VA-HP-ST2,ST2-2407,32,4,1,1,2024-07-23,2024-11-12,3.125,12.5
VA-HP-ST2,ST2-2408,25,3,0,0,2024-09-04,2024-12-06,0.0,12.0
VA-HP-ST2,ST2-2409,38,10,2,2,2024-10-07,2025-01-05,5.263157894736842,26.31578947368421
VA-HP-ST2,ST2-2410,30,12,3,3,2024-10-27,2025-01-31,10.0,40.0
VA-HP-ST2,ST2-2411,27,17,1,1,2024-12-07,2025-03-12,3.7037037037037033,62.96296296296296
VA-HP-ST2,ST2-2412,17,20,1,1,2025-01-15,2025-03-31,5.88235294117647,117.64705882352942
VA-HP-ST2,ST2-2501,22,16,1,1,2025-02-10,2025-04-24,4.545454545454546,72.72727272727273
VA-HP-ST2,ST2-2502,16,16,2,1,2025-03-12,2025-06-03,6.25,100.0
VA-HP-ST2,ST2-2503,26,18,4,3,2025-04-03,2025-07-07,11.538461538461538,69.23076923076923
VA-HP-ST2,ST2-2504,22,18,1,1,2025-05-04,2025-08-11,4.545454545454546,81.81818181818183
VA-HP-ST2,ST2-2505,31,22,4,3,2025-06-07,2025-09-05,9.67741935483871,70.96774193548387
VA-HP-ST2,ST2-2506,29,12,1,1,2025-06-25,2025-10-07,3.4482758620689653,41.37931034482759
VA-HP-ST2,ST2-2507,27,19,4,3,2025-08-04,2025-11-02,11.11111111111111,70.37037037037037
VA-HP-ST2,ST2-2508,27,18,0,0,2025-08-31,2025-11-28,0.0,66.66666666666666
VA-HP-ST2,ST2-2509,27,15,3,2,2025-09-21,2026-01-04,7.4074074074074066,55.55555555555556
VA-HP-ST2,ST2-2510,27,23,1,1,2025-11-01,2026-02-05,3.7037037037037033,85.18518518518519
VA-HP-ST2,ST2-2511,19,12,3,2,2025-11-26,2026-03-06,10.526315789473683,63.1578947368421
VA-HP-ST2,ST2-2512,18,12,0,0,2026-01-05,2026-04-02,0.0,66.66666666666666
VA-HP-ST2,ST2-2601,25,15,3,2,2026-02-10,2026-05-06,8.0,60.0
VA-HP-ST2,ST2-2602,16,10,0,0,2026-03-11,2026-06-05,0.0,62.5
VA-HP-ST2,ST2-2603,31,16,0,0,2026-03-31,2026-06-29,0.0,51.61290322580645
VA-HP-ST2,ST2-2604,9,7,2,2,2026-05-18,2026-06-28,22.22222222222222,77.77777777777779
VA-HP-ST2,ST2-2605,6,0,0,0,2026-06-07,2026-06-19,0.0,0.0
VA-HP-ST3,ST3-2408,13,7,0,0,2024-11-21,2024-12-16,0.0,53.84615384615385
VA-HP-ST3,ST3-2409,25,15,0,0,2024-11-25,2025-01-02,0.0,60.0
VA-HP-ST3,ST3-2410,55,36,3,3,2024-11-20,2025-02-11,5.454545454545454,65.45454545454545
VA-HP-ST3,ST3-2411,55,41,3,3,2024-11-23,2025-03-15,5.454545454545454,74.54545454545455
VA-HP-ST3,ST3-2412,59,44,1,1,2025-01-01,2025-04-12,1.694915254237288,74.57627118644068
VA-HP-ST3,ST3-2501,66,51,5,5,2025-01-26,2025-05-17,7.575757575757576,77.27272727272727
VA-HP-ST3,ST3-2502,32,25,5,5,2025-03-09,2025-05-31,15.625,78.125
VA-HP-ST3,ST3-2503,57,48,10,10,2025-03-21,2025-06-28,17.543859649122805,84.21052631578947
VA-HP-ST3,ST3-2504,41,31,2,2,2025-04-30,2025-08-11,4.878048780487805,75.60975609756098
VA-HP-ST3,ST3-2505,47,42,3,3,2025-05-22,2025-09-15,6.382978723404255,89.36170212765957
VA-HP-ST3,ST3-2506,47,48,5,5,2025-06-28,2025-10-16,10.638297872340425,102.12765957446808
VA-HP-ST3,ST3-2507,58,51,5,5,2025-08-07,2025-11-11,8.620689655172415,87.93103448275862
VA-HP-ST3,ST3-2508,79,54,4,4,2025-09-05,2025-12-15,5.063291139240507,68.35443037974683
VA-HP-ST3,ST3-2509,81,53,6,6,2025-09-28,2026-01-16,7.4074074074074066,65.4320987654321
VA-HP-ST3,ST3-2510,59,51,6,6,2025-10-29,2026-02-12,10.16949152542373,86.4406779661017
VA-HP-ST3,ST3-2511,41,33,1,1,2025-11-27,2026-03-16,2.4390243902439024,80.48780487804879
VA-HP-ST3,ST3-2512,50,29,2,2,2026-01-01,2026-04-16,4.0,57.99999999999999
VA-HP-ST3,ST3-2601,43,29,2,2,2026-01-29,2026-05-19,4.651162790697675,67.44186046511628
VA-HP-ST3,ST3-2602,50,30,0,0,2026-02-25,2026-06-10,0.0,60.0
VA-HP-ST3,ST3-2603,37,24,2,2,2026-04-03,2026-06-26,5.405405405405405,64.86486486486487
VA-HP-ST3,ST3-2604,34,6,1,1,2026-04-28,2026-06-29,2.941176470588235,17.647058823529413
VA-HP-ST3,ST3-2605,14,3,1,1,2026-05-30,2026-06-30,7.142857142857142,21.428571428571427
VA-NB-ARC,ARC-2403,3,0,0,0,2024-06-20,2024-07-11,0.0,0.0
VA-NB-ARC,ARC-2404,13,0,0,0,2024-06-16,2024-08-05,0.0,0.0
VA-NB-ARC,ARC-2405,20,2,0,0,2024-06-18,2024-09-09,0.0,10.0
VA-NB-ARC,ARC-2406,18,2,0,0,2024-06-30,2024-09-25,0.0,11.11111111111111
VA-NB-ARC,ARC-2407,42,4,0,0,2024-07-24,2024-10-27,0.0,9.523809523809524
VA-NB-ARC,ARC-2408,23,10,2,2,2024-08-27,2024-12-08,8.695652173913043,43.47826086956522
VA-NB-ARC,ARC-2409,31,12,2,2,2024-10-03,2025-01-08,6.451612903225806,38.70967741935484
VA-NB-ARC,ARC-2410,20,15,2,2,2024-11-09,2025-02-06,10.0,75.0
VA-NB-ARC,ARC-2411,11,11,2,2,2024-12-19,2025-03-04,18.181818181818183,100.0
VA-NB-ARC,ARC-2412,17,19,1,1,2025-01-16,2025-04-03,5.88235294117647,111.76470588235294
VA-NB-ARC,ARC-2501,24,13,3,3,2025-02-04,2025-05-06,12.5,54.166666666666664
VA-NB-ARC,ARC-2502,23,16,3,3,2025-03-11,2025-06-09,13.043478260869565,69.56521739130434
VA-NB-ARC,ARC-2503,22,23,2,2,2025-04-08,2025-06-10,9.090909090909092,104.54545454545455
VA-NB-ARC,ARC-2504,26,26,2,2,2025-04-22,2025-08-07,7.6923076923076925,100.0
VA-NB-ARC,ARC-2505,25,26,2,2,2025-06-04,2025-09-08,8.0,104.0
VA-NB-ARC,ARC-2506,21,12,0,0,2025-06-29,2025-10-10,0.0,57.14285714285714
VA-NB-ARC,ARC-2507,30,23,4,4,2025-07-27,2025-11-05,13.333333333333334,76.66666666666667
VA-NB-ARC,ARC-2508,29,20,3,3,2025-09-19,2025-12-01,10.344827586206897,68.96551724137932
VA-NB-ARC,ARC-2509,27,17,1,1,2025-10-04,2026-01-14,3.7037037037037033,62.96296296296296
VA-NB-ARC,ARC-2510,22,20,1,1,2025-11-24,2026-02-07,4.545454545454546,90.9090909090909
VA-NB-ARC,ARC-2511,23,16,3,3,2025-12-08,2026-03-11,13.043478260869565,69.56521739130434
VA-NB-ARC,ARC-2512,31,32,3,3,2025-12-24,2026-04-11,9.67741935483871,103.2258064516129
VA-NB-ARC,ARC-2601,25,14,3,2,2026-02-05,2026-04-30,8.0,56.00000000000001
VA-NB-ARC,ARC-2602,24,15,3,3,2026-02-23,2026-06-05,12.5,62.5
VA-NB-ARC,ARC-2603,27,13,0,0,2026-04-02,2026-06-25,0.0,48.148148148148145
VA-NB-ARC,ARC-2604,15,3,1,1,2026-04-25,2026-06-30,6.666666666666667,20.0
VA-NB-ARC,ARC-2605,9,4,0,0,2026-05-30,2026-06-30,0.0,44.44444444444444
VA-SP-MINI,MINI-2411,25,16,1,1,2025-02-14,2025-03-15,4.0,64.0
VA-SP-MINI,MINI-2412,36,33,2,2,2025-02-14,2025-04-16,5.555555555555555,91.66666666666666
VA-SP-MINI,MINI-2501,37,40,5,5,2025-02-18,2025-05-09,13.513513513513514,108.10810810810811
VA-SP-MINI,MINI-2502,31,28,2,2,2025-03-08,2025-06-13,6.451612903225806,90.32258064516128
VA-SP-MINI,MINI-2503,51,41,8,8,2025-03-26,2025-07-10,15.686274509803921,80.3921568627451
VA-SP-MINI,MINI-2504,52,43,3,3,2025-04-21,2025-08-17,5.769230769230769,82.6923076923077
VA-SP-MINI,MINI-2505,51,30,2,2,2025-05-26,2025-09-12,3.9215686274509802,58.82352941176471
VA-SP-MINI,MINI-2506,70,57,6,6,2025-06-25,2025-10-11,8.571428571428571,81.42857142857143
VA-SP-MINI,MINI-2507,56,44,3,3,2025-07-25,2025-11-15,5.357142857142857,78.57142857142857
VA-SP-MINI,MINI-2508,78,73,12,11,2025-09-03,2025-12-14,14.102564102564102,93.58974358974359
VA-SP-MINI,MINI-2509,57,40,1,1,2025-09-22,2026-01-15,1.7543859649122806,70.17543859649122
VA-SP-MINI,MINI-2510,54,38,2,2,2025-11-01,2026-02-06,3.7037037037037033,70.37037037037037
VA-SP-MINI,MINI-2511,60,50,6,6,2025-11-28,2026-03-13,10.0,83.33333333333334
VA-SP-MINI,MINI-2512,30,17,1,1,2026-01-03,2026-04-01,3.3333333333333335,56.666666666666664
VA-SP-MINI,MINI-2601,43,26,1,1,2026-02-04,2026-05-14,2.3255813953488373,60.46511627906976
VA-SP-MINI,MINI-2602,53,29,2,2,2026-03-05,2026-06-10,3.7735849056603774,54.71698113207547
VA-SP-MINI,MINI-2603,55,33,3,3,2026-03-30,2026-06-24,5.454545454545454,60.0
VA-SP-MINI,MINI-2604,28,7,1,1,2026-05-01,2026-06-30,3.571428571428571,25.0
VA-SP-MINI,MINI-2605,23,10,0,0,2026-05-29,2026-06-30,0.0,43.47826086956522
VA-SP-MINI,MINI-2606,3,0,0,0,2026-06-26,2026-06-27,0.0,0.0
VA-SP-ORB,ORB-2402,1,1,0,False,2024-06-15,2024-06-15,0.0,100.0
VA-SP-ORB,ORB-2403,4,0,0,0,2024-06-25,2024-07-12,0.0,0.0
VA-SP-ORB,ORB-2404,11,1,0,0,2024-06-18,2024-07-30,0.0,9.090909090909092
VA-SP-ORB,ORB-2405,20,5,0,0,2024-06-23,2024-09-09,0.0,25.0
VA-SP-ORB,ORB-2406,19,1,0,0,2024-07-14,2024-09-29,0.0,5.263157894736842
VA-SP-ORB,ORB-2407,36,5,0,0,2024-07-27,2024-11-14,0.0,13.88888888888889
VA-SP-ORB,ORB-2408,36,8,2,2,2024-08-29,2024-12-02,5.555555555555555,22.22222222222222
VA-SP-ORB,ORB-2409,34,10,1,1,2024-09-27,2024-12-30,2.941176470588235,29.411764705882355
VA-SP-ORB,ORB-2410,28,12,1,1,2024-10-31,2025-02-13,3.571428571428571,42.857142857142854
VA-SP-ORB,ORB-2411,29,27,2,2,2024-11-29,2025-03-15,6.896551724137931,93.10344827586206
VA-SP-ORB,ORB-2412,26,17,1,1,2025-01-02,2025-04-02,3.8461538461538463,65.38461538461539
VA-SP-ORB,ORB-2501,16,9,1,1,2025-01-29,2025-05-07,6.25,56.25
VA-SP-ORB,ORB-2502,18,19,0,0,2025-03-09,2025-06-05,0.0,105.55555555555556
VA-SP-ORB,ORB-2503,19,11,1,1,2025-04-15,2025-07-04,5.263157894736842,57.89473684210527
VA-SP-ORB,ORB-2504,33,23,0,0,2025-05-08,2025-08-01,0.0,69.6969696969697
VA-SP-ORB,ORB-2505,27,18,1,1,2025-05-25,2025-09-06,3.7037037037037033,66.66666666666666
VA-SP-ORB,ORB-2506,31,26,3,3,2025-06-26,2025-10-10,9.67741935483871,83.87096774193549
VA-SP-ORB,ORB-2507,37,36,2,2,2025-07-29,2025-10-26,5.405405405405405,97.2972972972973
VA-SP-ORB,ORB-2508,40,38,4,3,2025-08-29,2025-12-02,7.5,95.0
VA-SP-ORB,ORB-2509,30,18,0,0,2025-09-26,2026-01-06,0.0,60.0
VA-SP-ORB,ORB-2510,30,28,3,3,2025-11-01,2026-02-06,10.0,93.33333333333333
VA-SP-ORB,ORB-2511,25,28,4,4,2025-11-25,2026-03-08,16.0,112.00000000000001
VA-SP-ORB,ORB-2512,25,16,2,2,2025-12-25,2026-03-29,8.0,64.0
VA-SP-ORB,ORB-2601,26,17,0,0,2026-02-01,2026-05-17,0.0,65.38461538461539
VA-SP-ORB,ORB-2602,23,19,0,0,2026-03-05,2026-06-04,0.0,82.6086956521739
VA-SP-ORB,ORB-2603,27,14,1,1,2026-04-03,2026-06-30,3.7037037037037033,51.85185185185185
VA-SP-ORB,ORB-2604,14,7,0,0,2026-05-05,2026-06-25,0.0,50.0
VA-SP-ORB,ORB-2605,9,2,0,0,2026-06-09,2026-06-30,0.0,22.22222222222222
VA-SP-ORB,ORB-2606,1,0,0,False,2026-06-27,2026-06-27,0.0,0.0
VA-SW-FIT,FIT-2404,3,0,0,0,2024-08-03,2024-08-11,0.0,0.0
VA-SW-FIT,FIT-2405,14,0,0,0,2024-08-03,2024-09-11,0.0,0.0
VA-SW-FIT,FIT-2406,29,1,1,1,2024-08-03,2024-10-09,3.4482758620689653,3.4482758620689653
VA-SW-FIT,FIT-2407,45,2,0,0,2024-08-04,2024-11-16,0.0,4.444444444444445
VA-SW-FIT,FIT-2408,52,11,1,1,2024-09-01,2024-12-09,1.9230769230769231,21.153846153846153
VA-SW-FIT,FIT-2409,47,10,1,1,2024-09-30,2025-01-15,2.127659574468085,21.27659574468085
VA-SW-FIT,FIT-2410,48,27,3,3,2024-10-27,2025-02-09,6.25,56.25
VA-SW-FIT,FIT-2411,30,21,2,2,2024-12-03,2025-03-16,6.666666666666667,70.0
VA-SW-FIT,FIT-2412,38,35,3,3,2025-01-02,2025-04-16,7.894736842105263,92.10526315789474
VA-SW-FIT,FIT-2501,37,27,0,0,2025-02-02,2025-05-12,0.0,72.97297297297297
VA-SW-FIT,FIT-2502,42,28,4,4,2025-02-28,2025-06-14,9.523809523809524,66.66666666666666
VA-SW-FIT,FIT-2503,33,19,1,1,2025-04-01,2025-07-06,3.0303030303030303,57.57575757575758
VA-SW-FIT,FIT-2504,46,30,3,3,2025-04-22,2025-08-05,6.521739130434782,65.21739130434783
VA-SW-FIT,FIT-2505,48,55,6,6,2025-05-27,2025-09-09,12.5,114.58333333333333
VA-SW-FIT,FIT-2506,36,30,1,1,2025-07-09,2025-09-30,2.7777777777777777,83.33333333333334
VA-SW-FIT,FIT-2507,37,23,3,3,2025-08-02,2025-11-09,8.108108108108109,62.16216216216216
VA-SW-FIT,FIT-2508,35,35,3,3,2025-08-25,2025-12-17,8.571428571428571,100.0
VA-SW-FIT,FIT-2509,42,39,3,3,2025-09-28,2025-12-26,7.142857142857142,92.85714285714286
VA-SW-FIT,FIT-2510,49,36,4,4,2025-10-29,2026-02-04,8.16326530612245,73.46938775510205
VA-SW-FIT,FIT-2511,40,36,6,6,2025-11-29,2026-03-14,15.0,90.0
VA-SW-FIT,FIT-2512,26,18,1,1,2026-01-06,2026-04-16,3.8461538461538463,69.23076923076923
VA-SW-FIT,FIT-2601,37,26,1,1,2026-01-27,2026-05-05,2.7027027027027026,70.27027027027027
VA-SW-FIT,FIT-2602,40,21,4,4,2026-02-24,2026-05-31,10.0,52.5
VA-SW-FIT,FIT-2603,34,29,5,5,2026-03-28,2026-06-29,14.705882352941178,85.29411764705883
VA-SW-FIT,FIT-2604,26,13,0,0,2026-05-09,2026-06-30,0.0,50.0
VA-SW-FIT,FIT-2605,10,8,0,0,2026-06-03,2026-06-25,0.0,80.0
VA-SW-NX1,NX1-2403,5,0,0,0,2024-06-16,2024-07-10,0.0,0.0
VA-SW-NX1,NX1-2404,9,1,0,0,2024-06-17,2024-08-05,0.0,11.11111111111111
VA-SW-NX1,NX1-2405,23,1,1,1,2024-06-15,2024-09-13,4.3478260869565215,4.3478260869565215
VA-SW-NX1,NX1-2406,21,4,0,0,2024-06-29,2024-10-10,0.0,19.047619047619047
VA-SW-NX1,NX1-2407,29,4,1,1,2024-08-01,2024-11-06,3.4482758620689653,13.793103448275861
VA-SW-NX1,NX1-2408,29,5,0,0,2024-09-03,2024-11-25,0.0,17.24137931034483
VA-SW-NX1,NX1-2409,26,6,2,2,2024-09-27,2025-01-16,7.6923076923076925,23.076923076923077
VA-SW-NX1,NX1-2410,28,14,2,2,2024-11-03,2025-02-06,7.142857142857142,50.0
VA-SW-NX1,NX1-2411,18,20,1,1,2024-12-22,2025-03-01,5.555555555555555,111.11111111111111
VA-SW-NX1,NX1-2412,23,27,2,2,2025-01-06,2025-04-07,8.695652173913043,117.3913043478261
VA-SW-NX1,NX1-2501,13,10,0,0,2025-02-11,2025-05-16,0.0,76.92307692307693
VA-SW-NX1,NX1-2502,20,21,1,1,2025-03-08,2025-06-07,5.0,105.0
VA-SW-NX1,NX1-2503,22,19,2,2,2025-04-02,2025-07-06,9.090909090909092,86.36363636363636
VA-SW-NX1,NX1-2504,21,21,2,2,2025-04-29,2025-08-03,9.523809523809524,100.0
VA-SW-NX1,NX1-2505,20,18,0,0,2025-05-31,2025-09-12,0.0,90.0
VA-SW-NX1,NX1-2506,28,29,3,3,2025-06-29,2025-10-14,10.714285714285714,103.57142857142858
VA-SW-NX1,NX1-2507,33,33,5,5,2025-07-24,2025-11-06,15.151515151515152,100.0
VA-SW-NX1,NX1-2508,26,21,2,2,2025-08-25,2025-12-07,7.6923076923076925,80.76923076923077
VA-SW-NX1,NX1-2509,20,16,1,1,2025-10-10,2026-01-06,5.0,80.0
VA-SW-NX1,NX1-2510,28,32,1,1,2025-11-09,2026-01-30,3.571428571428571,114.28571428571428
VA-SW-NX1,NX1-2511,21,12,0,0,2025-11-22,2026-03-10,0.0,57.14285714285714
VA-SW-NX1,NX1-2512,27,11,2,2,2026-01-05,2026-04-02,7.4074074074074066,40.74074074074074
VA-SW-NX1,NX1-2601,25,16,1,1,2026-02-10,2026-05-15,4.0,64.0
VA-SW-NX1,NX1-2602,25,16,2,2,2026-03-02,2026-06-11,8.0,64.0
VA-SW-NX1,NX1-2603,23,14,0,0,2026-03-30,2026-06-30,0.0,60.86956521739131
VA-SW-NX1,NX1-2604,11,3,1,1,2026-04-27,2026-06-23,9.090909090909092,27.27272727272727
VA-SW-NX1,NX1-2605,8,3,0,0,2026-06-02,2026-06-29,0.0,37.5
VA-SW-NX1,NX1-2606,1,0,0,False,2026-06-27,2026-06-27,0.0,0.0
VA-SW-NX2,NX2-2410,14,11,2,2,2025-01-20,2025-02-12,14.285714285714285,78.57142857142857
VA-SW-NX2,NX2-2411,32,26,1,1,2025-01-22,2025-03-14,3.125,81.25
VA-SW-NX2,NX2-2412,61,51,3,3,2025-01-22,2025-04-13,4.918032786885246,83.60655737704919
VA-SW-NX2,NX2-2501,96,79,7,7,2025-01-27,2025-05-19,7.291666666666667,82.29166666666666
VA-SW-NX2,NX2-2502,77,64,4,4,2025-02-28,2025-06-10,5.194805194805195,83.11688311688312
VA-SW-NX2,NX2-2503,75,59,7,7,2025-03-24,2025-07-13,9.333333333333334,78.66666666666666
VA-SW-NX2,NX2-2504,73,58,7,6,2025-05-05,2025-08-11,8.21917808219178,79.45205479452055
VA-SW-NX2,NX2-2505,88,81,6,6,2025-05-24,2025-09-04,6.8181818181818175,92.04545454545455
VA-SW-NX2,NX2-2506,72,63,7,7,2025-07-02,2025-10-16,9.722222222222223,87.5
VA-SW-NX2,NX2-2507,85,55,5,5,2025-07-28,2025-11-18,5.88235294117647,64.70588235294117
VA-SW-NX2,NX2-2508,93,78,9,9,2025-08-30,2025-12-09,9.67741935483871,83.87096774193549
VA-SW-NX2,NX2-2509,100,74,8,8,2025-09-24,2026-01-15,8.0,74.0
VA-SW-NX2,NX2-2510,71,52,4,4,2025-11-02,2026-02-16,5.633802816901409,73.23943661971832
VA-SW-NX2,NX2-2511,68,46,4,4,2025-11-25,2026-03-16,5.88235294117647,67.64705882352942
VA-SW-NX2,NX2-2512,55,50,5,5,2025-12-30,2026-04-18,9.090909090909092,90.9090909090909
VA-SW-NX2,NX2-2601,75,61,8,7,2026-02-01,2026-05-21,9.333333333333334,81.33333333333333
VA-SW-NX2,NX2-2602,71,45,6,6,2026-02-26,2026-06-15,8.450704225352112,63.38028169014085
VA-SW-NX2,NX2-2603,73,27,4,4,2026-04-04,2026-06-30,5.47945205479452,36.986301369863014
VA-SW-NX2,NX2-2604,40,14,0,0,2026-05-06,2026-06-29,0.0,35.0
VA-SW-NX2,NX2-2605,21,5,0,0,2026-05-27,2026-06-30,0.0,23.809523809523807
VA-SW-NX2,NX2-2606,2,0,0,0,2026-06-24,2026-06-30,0.0,0.0
