created_month,total_tickets,breach_count,total_credit_inr,breach_rate_pct
2025-01,311,20,7000.0,6.430868167202572
2025-02,328,31,10850.0,9.451219512195122
2025-03,390,34,11900.0,8.717948717948717
2025-04,368,38,13300.0,10.326086956521738
2025-05,384,40,14000.0,10.416666666666668
2025-06,366,30,10500.0,8.19672131147541
2025-07,425,41,14350.0,9.647058823529411
2025-08,570,44,15400.0,7.719298245614035
2025-09,582,66,23100.0,11.34020618556701
2025-10,659,62,21700.0,9.408194233687405
2025-11,824,71,24850.0,8.616504854368932
2025-12,1034,86,30100.0,8.317214700193423
2026-01,1174,92,32200.0,7.836456558773425
2026-02,1196,110,38500.0,9.197324414715718
2026-03,1072,98,34300.0,9.14179104477612
2026-04,788,82,28700.0,10.406091370558377
2026-05,693,72,25200.0,10.38961038961039
2026-06,586,47,16450.0,8.020477815699659
