lot_month,app_firmware_account,audio_quality,battery_drain,charging_case_fault,delivery_tracking,one_earbud_dead_or_not_charging,other,pairing_connection_drop,refund_payment_delay,warranty_rma
PL2-2504,2.631578947368421,0.0,0.0,0.0,15.789473684210526,13.157894736842104,28.947368421052634,15.789473684210526,21.052631578947366,2.631578947368421
PL2-2505,7.079646017699115,4.424778761061947,6.1946902654867255,1.7699115044247788,24.778761061946902,5.3097345132743365,13.274336283185843,16.8141592920354,17.699115044247787,2.6548672566371683
PL2-2506,6.61764705882353,5.147058823529411,5.88235294117647,2.941176470588235,22.058823529411764,5.88235294117647,20.588235294117645,16.176470588235293,13.23529411764706,1.4705882352941175
PL2-2507,5.5,6.5,5.0,2.0,24.5,10.0,17.5,9.0,18.5,1.5
PL2-2508,5.769230769230769,4.487179487179487,7.6923076923076925,2.2435897435897436,26.282051282051285,6.089743589743589,20.833333333333336,8.974358974358974,16.025641025641026,1.6025641025641024
PL2-2509,5.612244897959184,6.377551020408164,5.1020408163265305,2.0408163265306123,24.489795918367346,7.908163265306123,17.091836734693878,12.5,16.071428571428573,2.806122448979592
PL2-2510,2.8602860286028604,2.8602860286028604,3.1903190319031904,1.3201320132013201,21.122112211221122,33.993399339933994,16.061606160616062,7.48074807480748,8.690869086908691,2.42024202420242
PL2-2511,4.089219330855019,2.8500619578686495,3.841387856257745,1.6109045848822798,17.59603469640644,34.572490706319705,16.60470879801735,6.443618339529119,11.028500619578686,1.3630731102850062
PL2-2512,5.172413793103448,3.2758620689655173,2.9310344827586206,1.0344827586206897,17.24137931034483,35.51724137931034,15.344827586206897,5.517241379310345,11.551724137931034,2.413793103448276
PL2-2601,3.8095238095238098,4.285714285714286,7.6190476190476195,2.857142857142857,30.0,3.8095238095238098,20.952380952380953,12.857142857142856,12.380952380952381,1.4285714285714286
PL2-2602,6.481481481481481,3.7037037037037033,7.4074074074074066,0.9259259259259258,31.48148148148148,4.62962962962963,18.51851851851852,11.11111111111111,14.814814814814813,0.9259259259259258
PL2-2603,2.247191011235955,3.3707865168539324,3.3707865168539324,1.1235955056179776,33.70786516853933,3.3707865168539324,23.595505617977526,6.741573033707865,21.34831460674157,1.1235955056179776
PL2-2604,2.380952380952381,4.761904761904762,2.380952380952381,0.0,40.476190476190474,2.380952380952381,21.428571428571427,2.380952380952381,21.428571428571427,2.380952380952381
PL2-2605,0.0,0.0,6.666666666666667,6.666666666666667,26.666666666666668,0.0,33.33333333333333,0.0,20.0,6.666666666666667
PL2-2606,0.0,0.0,0.0,0.0,0.0,0.0,0.0,0.0,100.0,0.0
